./input/batch_test/,reference.mkv
./input/batch_test/Rb318/,2025-07-31 11-55-13.mkv
./input/batch_test/Rb320/,2025-07-30 14-42-26.mkv
./input/batch_test/Rb320/,2025-07-30 15-34-28.mkv
./input/batch_test/Rb331/,2025-08-19 10-03-00.mkv
./input/batch_test/Rb331/,2025-08-19 13-04-15.mkv
./input/batch_test/Rb334/,2025-08-01 12-53-45.mkv
./input/batch_test/Rb334/,2025-08-01 15-51-59.mkv
./input/batch_test/Rb334/,2025-08-01 15-53-15.mkv
./input/batch_test/Rb335/,2025-08-03 14-12-20.mkv
./input/batch_test/Rb335/,2025-08-06 13-00-05.mkv
./input/batch_test/Rb383/,2025-08-28 10-41-37.mkv
./input/batch_test/Rb383/,2025-08-28 12-17-16.mkv
./input/batch_test/Rb383/,2025-08-28 14-54-28.mkv
./input/batch_test/Rb384/,2025-08-29 10-41-23.mkv
./input/batch_test/Rb384/,2025-08-29 12-10-01.mkv
./input/batch_test/Rb384/,2025-08-29 15-30-35.mkv
./input/batch_test/Rb385/,2025-08-27 12-02-25.mkv
./input/batch_test/Rb385/,2025-08-27 14-20-17.mkv
./input/batch_test/Rb385/,2025-08-27 16-27-03.mkv
